Test ID,Product Category,Product Name,Ingredients List,Product Type,Based on TK?,Expected Range,Actual Score,Context Status,Pass/Fail,Detailed Rationale
TEST-1,Chemical / Industrial / Non-Herbal (Irrelevant),Latent Powder,Latent,Other,No,0%,0%,IRRELEVANT / REJECTED,PASS,Non-herbal synthetic term or non-ingredient word without traditional knowledge base. Classified as IRRELEVANT (0% confidence).
TEST-2,Chemical / Industrial / Non-Herbal (Irrelevant),Paracetamol Tablet,Paracetamol,Other,No,0%,0%,IRRELEVANT / REJECTED,PASS,Synthetic pharmaceutical compound with no traditional herbal base. Classified as IRRELEVANT (0% confidence).
TEST-3,Chemical / Industrial / Non-Herbal (Irrelevant),Ibuprofen Gel,Ibuprofen,Other,No,0%,0%,IRRELEVANT / REJECTED,PASS,Synthetic NSAID pharmaceutical gel without traditional knowledge relevance. Classified as IRRELEVANT (0% confidence).
TEST-4,Chemical / Industrial / Non-Herbal (Irrelevant),Car Engine Oil,Synthetic Oil | Lithium Grease,Other,No,0%,0%,IRRELEVANT / REJECTED,PASS,Industrial petroleum lubricant with zero biological or traditional knowledge base. Classified as IRRELEVANT (0% confidence).
TEST-5,Chemical / Industrial / Non-Herbal (Irrelevant),Wall Paint,Titanium Dioxide | Acrylic Resin,Other,No,0%,0%,IRRELEVANT / REJECTED,PASS,Synthetic building coating and mineral pigments without traditional knowledge protection. Classified as IRRELEVANT (0% confidence).
TEST-6,Chemical / Industrial / Non-Herbal (Irrelevant),Smartphone Screen,Gorilla Glass,Other,No,0%,0%,IRRELEVANT / REJECTED,PASS,Aluminosilicate glass material for electronics with zero traditional knowledge base. Classified as IRRELEVANT (0% confidence).
TEST-7,Chemical / Industrial / Non-Herbal (Irrelevant),Magic Dust,Unicorn Horn,Other,Not sure,0%,0%,IRRELEVANT / REJECTED,PASS,Mythological non-existent ingredient with no biological or traditional basis. Classified as IRRELEVANT (0% confidence).
TEST-8,Chemical / Industrial / Non-Herbal (Irrelevant),xyz123 formulation,xyz123 | abc987,Other,Not sure,0%,0%,IRRELEVANT / REJECTED,PASS,Random synthetic identifier tokens with no known ingredient ontology match. Classified as IRRELEVANT (0% confidence).
TEST-9,Chemical / Industrial / Non-Herbal (Irrelevant),Polyethylene Glycol,PEG 400,Other,No,0%,0%,IRRELEVANT / REJECTED,PASS,Synthetic polymer compound used in industrial/pharma solvents. Classified as IRRELEVANT (0% confidence).
TEST-10,Chemical / Industrial / Non-Herbal (Irrelevant),Sulfuric Acid,H2SO4,Other,No,0%,0%,IRRELEVANT / REJECTED,PASS,Inorganic mineral acid compound with zero traditional knowledge protection. Classified as IRRELEVANT (0% confidence).
TEST-11,Chemical / Industrial / Non-Herbal (Irrelevant),Shoe Polish,Wax | Naphtha,Other,No,0%,0%,IRRELEVANT / REJECTED,PASS,Petroleum hydrocarbon and solvent wax formulation. Classified as IRRELEVANT (0% confidence).
TEST-12,Chemical / Industrial / Non-Herbal (Irrelevant),Laptop Battery,Lithium Ion,Other,No,0%,0%,IRRELEVANT / REJECTED,PASS,Electro-chemical energy cell hardware components with zero traditional relevance. Classified as IRRELEVANT (0% confidence).
TEST-13,Chemical / Industrial / Non-Herbal (Irrelevant),Bleaching Powder,Calcium hypochlorite,Other,No,0%,0%,IRRELEVANT / REJECTED,PASS,Synthetic inorganic bleaching disinfectant without biological TK basis. Classified as IRRELEVANT (0% confidence).
TEST-14,Chemical / Industrial / Non-Herbal (Irrelevant),PVC Pipe,Polyvinyl Chloride,Other,No,0%,0%,IRRELEVANT / REJECTED,PASS,Synthetic plastic polymer pipe fitting with zero traditional knowledge base. Classified as IRRELEVANT (0% confidence).
TEST-15,Chemical / Industrial / Non-Herbal (Irrelevant),Dishwashing Liquid,SLS | LABSA,Other,No,0%,0%,IRRELEVANT / REJECTED,PASS,Synthetic surfactant detergent formulation without traditional knowledge relevance. Classified as IRRELEVANT (0% confidence).
TEST-16,Chemical / Industrial / Non-Herbal (Irrelevant),Nylon Rope,Nylon 66,Other,No,0%,0%,IRRELEVANT / REJECTED,PASS,Synthetic polyamide polymer fiber with zero traditional knowledge relevance. Classified as IRRELEVANT (0% confidence).
TEST-17,Chemical / Industrial / Non-Herbal (Irrelevant),Super Glue,Cyanoacrylate,Other,No,0%,0%,IRRELEVANT / REJECTED,PASS,Synthetic fast-acting adhesive resin without traditional knowledge base. Classified as IRRELEVANT (0% confidence).
TEST-18,Chemical / Industrial / Non-Herbal (Irrelevant),Mosquito Repellent Coil,Allethrin,Other,No,0%,0%,IRRELEVANT / REJECTED,PASS,Synthetic pyrethroid insecticide chemical coil formulation. Classified as IRRELEVANT (0% confidence).
TEST-19,Chemical / Industrial / Non-Herbal (Irrelevant),Aspirin,Acetylsalicylic acid,Other,No,0%,0%,IRRELEVANT / REJECTED,PASS,Synthetic pharmaceutical compound with no herbal TK claim. Classified as IRRELEVANT (0% confidence).
TEST-20,Chemical / Industrial / Non-Herbal (Irrelevant),Tire Rubber,Vulcanized Rubber,Other,No,0%,0%,IRRELEVANT / REJECTED,PASS,Industrial cross-linked elastomer rubber material. Classified as IRRELEVANT (0% confidence).
TEST-21,Chemical / Industrial / Non-Herbal (Irrelevant),Glass Cleaner,Ammonia | Isopropanol,Other,No,0%,0%,IRRELEVANT / REJECTED,PASS,Synthetic solvent cleaning liquid without traditional knowledge relevance. Classified as IRRELEVANT (0% confidence).
TEST-22,Chemical / Industrial / Non-Herbal (Irrelevant),Artificial Sweetener,Aspartame,Food,No,0%,0%,IRRELEVANT / REJECTED,PASS,Synthetic dipeptide methyl ester sweetener with no traditional knowledge base. Classified as IRRELEVANT (0% confidence).
TEST-23,Modern Synthetic Cosmetic,Hair Dye (Chemical),PPD | Ammonia,Cosmetic,No,0%,0%,IRRELEVANT / REJECTED,PASS,Synthetic coal-tar dye formulation (PPD) without traditional herbal base. Classified as IRRELEVANT (0% confidence).
TEST-24,Modern Synthetic Cosmetic,Nail Polish Remover,Acetone,Cosmetic,No,0%,0%,IRRELEVANT / REJECTED,PASS,Pure organic synthetic chemical solvent without traditional knowledge base. Classified as IRRELEVANT (0% confidence).
TEST-25,Chemical / Industrial / Non-Herbal (Irrelevant),Random Words,asdf | qwer,Other,No,0%,0%,IRRELEVANT / REJECTED,PASS,Invalid keyboard mash / garbage strings with zero ingredient context. Classified as IRRELEVANT (0% confidence).
TEST-26,Unprocessed / Raw Herbal Material,Green Leaf Extract,Some green leaves,Herbal product,Not sure,20%-40%,30%,LOW_CONTEXT,PASS,Generic plant leaf reference without specific botanical identification or classical formulation history. Low TK confidence band (20%-40%).
TEST-27,Unprocessed / Raw Herbal Material,Tree Bark Powder,Tree bark,Herbal product,Not sure,20%-40%,30%,LOW_CONTEXT,PASS,Generic tree bark material without specific species or Ayurvedic formulation context. Low TK confidence band (20%-40%).
TEST-28,Generic Food & Beverage,Apple Juice,Apple | Water | Sugar,Food,No,20%-40%,28%,LOW_CONTEXT,PASS,Common fruit beverage containing basic food staples (Apple, Sugar). Low TK specificity (20%-40%).
TEST-29,Generic Food & Beverage,Wheat Bread,Wheat flour | Yeast,Food,No,20%-40%,25%,LOW_CONTEXT,PASS,Standard commercial bakery staple without medicinal or traditional knowledge claims. Low TK confidence band (20%-40%).
TEST-30,Generic Food & Beverage,Sugar Syrup,Sugar | Water,Food,No,20%-40%,25%,LOW_CONTEXT,PASS,Basic aqueous carbohydrate solution used as food sweetener. Low TK confidence band (20%-40%).
TEST-31,Unprocessed / Raw Herbal Material,Mixed Herbs,Various herbs,Herbal product,Not sure,20%-40%,32%,LOW_CONTEXT,PASS,Unspecified herbal mix lacking exact ingredient ontology verification. Low TK confidence band (20%-40%).
TEST-32,Generic Cosmetic Base,Face Cream Base,Glycerin | Water,Cosmetic,No,20%-40%,25%,LOW_CONTEXT,PASS,Standard vehicle base for cosmetic creams without active traditional botanicals. Low TK confidence band (20%-40%).
TEST-33,Generic Cosmetic Base,Soap Noodle,Palm oil | Lye,Cosmetic,No,20%-40%,25%,LOW_CONTEXT,PASS,Basic saponified fatty acid base for cleansing soaps. Low TK confidence band (20%-40%).
TEST-34,Unprocessed / Raw Herbal Material,Vitamin C & Herbs,Vitamin C | unknown herbs,Herbal product,Not sure,20%-40%,30%,LOW_CONTEXT,PASS,Combination of synthetic ascorbic acid with unidentified herbal components. Low TK confidence band (20%-40%).
TEST-35,Unprocessed / Raw Herbal Material,Roots and Stems,Plant roots,Ayurvedic formulation,Not sure,20%-40%,35%,LOW_CONTEXT,PASS,Generic plant part descriptor without specific botanical identity. Low TK confidence band (20%-40%).
TEST-36,Generic Food & Beverage,Berry Extract,Mixed berries,Herbal product,Not sure,20%-40%,30%,LOW_CONTEXT,PASS,General berry fruit concentrate used for dietary flavor/antioxidants. Low TK confidence band (20%-40%).
TEST-37,Generic Food & Beverage,Herbal Water,Water | Herbal flavor,Food,Not sure,20%-40%,25%,LOW_CONTEXT,PASS,Flavored hydration water with minimal botanical concentration. Low TK confidence band (20%-40%).
TEST-38,Unprocessed / Raw Herbal Material,Plant Powder,Dried plant,Herbal product,Not sure,20%-40%,30%,LOW_CONTEXT,PASS,Generic dried biomass without verified species or medicinal formulation history. Low TK confidence band (20%-40%).
TEST-39,Unprocessed / Raw Herbal Material,Flower Petal Paste,Flowers,Cosmetic,Not sure,20%-40%,32%,LOW_CONTEXT,PASS,Simple floral paste preparation for topical use without specific classical recipe. Low TK confidence band (20%-40%).
TEST-40,Generic Food & Beverage,Vegetable Soup,Carrot | Peas | Salt,Food,No,20%-40%,25%,LOW_CONTEXT,PASS,Standard culinary vegetable soup mixture without targeted therapeutic traditional knowledge. Low TK confidence band (20%-40%).
TEST-41,Generic Cosmetic Base,Seed Oil,Random seeds,Cosmetic,Not sure,20%-40%,28%,LOW_CONTEXT,PASS,Unspecified botanical seed oil extract used for basic topical moisturizing. Low TK confidence band (20%-40%).
TEST-42,Unprocessed / Raw Herbal Material,Forest Leaves,Leaves,Herbal product,Yes,20%-40%,35%,LOW_CONTEXT,PASS,Wild harvested leaves with traditional claim but lacking specific species identification. Low TK confidence band (20%-40%).
TEST-43,Generic Food & Beverage,Natural Color,Plant pigment,Other,Not sure,20%-40%,28%,LOW_CONTEXT,PASS,Botanical colorant extract used for dyeing or food coloring. Low TK confidence band (20%-40%).
TEST-44,Generic Food & Beverage,Fruit Snack,Mango | Sugar,Food,No,20%-40%,25%,LOW_CONTEXT,PASS,Processed fruit confectionery item without medicinal or specialized TK use. Low TK confidence band (20%-40%).
TEST-45,Generic Food & Beverage,Herbal Candy,Sugar | mint flavor,Food,Not sure,20%-40%,28%,LOW_CONTEXT,PASS,Confectionery lozenge with light herbal flavoring for fresh breath. Low TK confidence band (20%-40%).
TEST-46,Generic Cosmetic Base,Basic Shampoo,SLS | Herbal extract,Cosmetic,No,20%-40%,30%,LOW_CONTEXT,PASS,Synthetic detergent surfactant base with minor herbal additive. Low TK confidence band (20%-40%).
TEST-47,Generic Food & Beverage,Morning Tea,Tea leaves,Food,No,20%-40%,28%,LOW_CONTEXT,PASS,Standard Camellia sinensis hot beverage without specialized Ayurvedic polyherbal formulation. Low TK confidence band (20%-40%).
TEST-48,Generic Food & Beverage,Spice Mix,Cumin | Coriander,Food,Yes,20%-40%,38%,LOW_CONTEXT,PASS,Traditional culinary spice blend (Jeera, Dhania) widely used in Indian cooking. Low-to-Moderate TK band (20%-40%).
TEST-49,Generic Cosmetic Base,Aloe Gel Base,Aloe Vera | Carbomer,Cosmetic,Not sure,20%-40%,35%,LOW_CONTEXT,PASS,Aloe vera extract in synthetic gel polymer base. Low-to-Moderate TK context band (20%-40%).
TEST-50,Generic Food & Beverage,Mint Water,Mint | Water,Food,Not sure,20%-40%,30%,LOW_CONTEXT,PASS,Simple infusion of Pudina leaves in water for refreshing drink. Low TK confidence band (20%-40%).
TEST-51,Herbal Cosmetic (Hybrid),Aloe Sunscreen,Aloe Vera | Zinc Oxide,Cosmetic,No,60%-80%,68%,MODERATE_MATCH,PASS,Contains traditional soothing herb (Aloe Vera) combined with inorganic UV filter (Zinc Oxide). Moderate TK relevance (60%-80%).
TEST-52,Herbal Food Supplement (Hybrid),Ashwagandha Pre-Workout,Ashwagandha | Caffeine,Food,Not sure,60%-80%,72%,MODERATE_MATCH,PASS,Integrates adaptogenic Ayurvedic root (Ashwagandha) with stimulant caffeine for fitness. Moderate TK relevance (60%-80%).
TEST-53,Herbal Cosmetic (Hybrid),Triphala Body Wash,Amla | Haritaki | Bibhitaki | SLS,Cosmetic,Not sure,60%-80%,75%,HIGH_TK_RELEVANCE,PASS,Classical Triphala polyherbal extract integrated into modern cleansing surfactant base. Moderate-to-High TK relevance (60%-80%).
TEST-54,Herbal Proprietary Product,Tulsi Cough Syrup,Tulsi | Honey | Dextromethorphan,Herbal product,Yes,60%-80%,78%,HIGH_TK_RELEVANCE,PASS,Traditional respiratory herbs (Holy Basil, Honey) blended with modern synthetic antitussive agent. High TK relevance (60%-80%).
TEST-55,Herbal Cosmetic (Hybrid),Neem Anti-Acne Cream,Neem | Salicylic Acid,Cosmetic,Not sure,60%-80%,74%,MODERATE_MATCH,PASS,Combines traditional anti-microbial herb (Neem) with modern beta-hydroxy acid active. Moderate TK relevance (60%-80%).
TEST-56,Herbal Proprietary Product,Brahmi Memory Pill,Brahmi | Maltodextrin,Ayurvedic formulation,Yes,60%-80%,78%,HIGH_TK_RELEVANCE,PASS,Classical medhya rasayana herb (Brahmi/Bacopa monnieri) formulated into oral tablet dosage form. High TK relevance (60%-80%).
TEST-57,Herbal Cosmetic (Hybrid),Turmeric Face Mask,Turmeric | Bentonite Clay,Cosmetic,Yes,60%-80%,76%,HIGH_TK_RELEVANCE,PASS,Traditional varnya skin brightening herb (Haldi) combined with natural absorbent clay base. High TK relevance (60%-80%).
TEST-58,Herbal Food Supplement (Hybrid),Ginger Digestion Soda,Ginger | Carbonated water,Food,Not sure,60%-80%,65%,MODERATE_MATCH,PASS,Traditional digestive rhizome (Ardraka/Ginger) infused into carbonated beverage. Moderate TK relevance (60%-80%).
TEST-59,Herbal Food Supplement (Hybrid),Giloy Immunity Gummies,Giloy | Gelatin | Sugar,Food,Not sure,60%-80%,70%,MODERATE_MATCH,PASS,Immuno-modulatory Ayurvedic vine (Guduchi/Giloy) formulated into modern confectionery gummy. Moderate TK relevance (60%-80%).
TEST-60,Herbal Cosmetic (Hybrid),Amla Hair Serum,Amla | Silicone oil,Cosmetic,Not sure,60%-80%,68%,MODERATE_MATCH,PASS,Traditional hair nourishing fruit extract (Amla) blended with synthetic silicone glossing agent. Moderate TK relevance (60%-80%).
TEST-61,Herbal Cosmetic (Hybrid),Sandalwood Perfume,Sandalwood extract | Alcohol,Cosmetic,Yes,60%-80%,75%,HIGH_TK_RELEVANCE,PASS,Classical aromatic wood extract (Chandan) dissolved in cosmetic alcohol base. High TK relevance (60%-80%).
TEST-62,Herbal Cosmetic (Hybrid),Shikakai Shampoo,Shikakai | SLS | Parabens,Cosmetic,Yes,60%-80%,74%,HIGH_TK_RELEVANCE,PASS,Traditional hair cleanser herb (Shikakai/Acacia concinna) in commercial surfactant matrix. Moderate-to-High TK relevance (60%-80%).
TEST-63,Herbal Cosmetic (Hybrid),Clove Toothpaste,Clove oil | Fluoride | Silica,Cosmetic,Yes,60%-80%,76%,HIGH_TK_RELEVANCE,PASS,Traditional oral care botanical (Lavanga/Clove oil) combined with cavity-protecting fluoride. High TK relevance (60%-80%).
TEST-64,Herbal Food Supplement (Hybrid),Moringa Protein Powder,Moringa leaves | Whey protein,Food,Not sure,60%-80%,72%,MODERATE_MATCH,PASS,Nutrient-rich traditional leaf powder (Moringa/Shigru) blended with dairy whey protein isolate. Moderate TK relevance (60%-80%).
TEST-65,Herbal Cosmetic (Hybrid),Gotu Kola Anti-aging,Gotu Kola | Retinol,Cosmetic,Not sure,60%-80%,73%,MODERATE_MATCH,PASS,Classical skin rejuvenating herb (Mandukaparni/Gotu Kola) paired with synthetic vitamin A retinol active. Moderate TK relevance (60%-80%).
TEST-66,Herbal Food Supplement (Hybrid),Shatavari Energy Bar,Shatavari | Oats | Honey,Food,Not sure,60%-80%,74%,MODERATE_MATCH,PASS,Traditional adaptogenic female tonic root (Shatavari) formulated in nutritional cereal bar. Moderate TK relevance (60%-80%).
TEST-67,Herbal Proprietary Product,Guggul Cholesterol Pill,Guggul | Statins,Herbal product,Yes,60%-80%,76%,HIGH_TK_RELEVANCE,PASS,Traditional lipid-lowering resin (Guggulu) combined with modern pharmaceutical statins. High TK relevance (60%-80%).
TEST-68,Herbal Cosmetic (Hybrid),Licorice Skin Toner,Mulethi | Propylene Glycol,Cosmetic,Yes,60%-80%,72%,HIGH_TK_RELEVANCE,PASS,Traditional skin lightening root extract (Mulethi/Yashtimadhu) in glycol humectant vehicle. Moderate-to-High TK relevance (60%-80%).
TEST-69,Herbal Proprietary Product,Arjuna Heart Tonic,Arjuna bark | Sugar syrup,Ayurvedic formulation,Yes,60%-80%,78%,HIGH_TK_RELEVANCE,PASS,Classical hridya bark extract (Terminalia arjuna) in aqueous sweet syrup base. High TK relevance (60%-80%).
TEST-70,Herbal Proprietary Product,Safed Musli Supplement,Safed Musli | Artificial flavors,Herbal product,Yes,60%-80%,74%,HIGH_TK_RELEVANCE,PASS,Traditional vajikarana stamina root (Safed Musli) in flavored oral supplement powder. Moderate-to-High TK relevance (60%-80%).
TEST-71,Herbal Cosmetic (Hybrid),Bhringraj Hair Gel,Bhringraj | PVP/VA copolymer,Cosmetic,Yes,60%-80%,72%,HIGH_TK_RELEVANCE,PASS,Classical hair revitalizing herb (Bhringraj) formulated into synthetic styling polymer gel. Moderate-to-High TK relevance (60%-80%).
TEST-72,Herbal Proprietary Product,Ajwain Antacid,Ajwain | Sodium Bicarbonate,Herbal product,Yes,60%-80%,75%,HIGH_TK_RELEVANCE,PASS,Traditional carminative seed (Yavani/Ajwain) blended with alkaline buffering agent. High TK relevance (60%-80%).
TEST-73,Herbal Cosmetic (Hybrid),Pudina Cooling Talc,Pudina (Mint) | Talcum powder,Cosmetic,Not sure,60%-80%,68%,MODERATE_MATCH,PASS,Cooling botanical menthol (Pudina) in topical mineral absorbent talc base. Moderate TK relevance (60%-80%).
TEST-74,Herbal Cosmetic (Hybrid),Papaya Face Wash,Papaya extract | SLES,Cosmetic,No,60%-80%,66%,MODERATE_MATCH,PASS,Enzymatic fruit extract (Papaya papain) formulated into foaming surfactant liquid wash. Moderate TK relevance (60%-80%).
TEST-75,Herbal Cosmetic (Hybrid),Henna Hair Dye,Mehendi (Henna) | PPD,Cosmetic,Yes,60%-80%,74%,HIGH_TK_RELEVANCE,PASS,Traditional plant hair dye (Mehendi/Lawsonia inermis) combined with synthetic color enhancer. High TK relevance (60%-80%).
TEST-76,Classical Ayurvedic Formulation,Chyawanprash,Amla | Ghee | Honey | Ashwagandha | Pippali,Ayurvedic formulation,Yes,80%-100%,95%,HIGH_TK_RELEVANCE,PASS,Classical polyherbal rasayana jam verified in Sharangdhara Samhita & Ayurvedic Pharmacopoeia of India. Highest TK confidence (95%).
TEST-77,Classical Ayurvedic Formulation,Triphala Churna,Amla | Haritaki | Bibhitaki,Ayurvedic formulation,Yes,80%-100%,92%,HIGH_TK_RELEVANCE,PASS,Canonical three-fruit digestive formulation (Emblica, Terminalia chebula, Terminalia bellirica) documented in Charaka Samhita. High TK confidence (92%).
TEST-78,Classical Ayurvedic Formulation,Haldi Doodh Mix,Turmeric | Black Pepper | Ginger,Herbal product,Yes,80%-100%,88%,HIGH_TK_RELEVANCE,PASS,Traditional Indian home remedy & Ayurvedic anti-inflammatory formulation (Haridra, Maricha, Shunthi). High TK confidence (88%).
TEST-79,Classical Ayurvedic Formulation,Neem and Aloe Vera Gel,Neem | Aloe Vera,Ayurvedic formulation,Yes,80%-100%,86%,HIGH_TK_RELEVANCE,PASS,Synergistic traditional herbal remedy for skin afflictions documented in classical Ayurvedic texts. High TK confidence (86%).
TEST-80,Classical Ayurvedic Formulation,Bhringraj Hair Oil,Bhringraj | Amla | Coconut Oil,Ayurvedic formulation,Yes,80%-100%,90%,HIGH_TK_RELEVANCE,PASS,Classical keshya oil preparation (Keshraj/Bhringraj oil) for hair growth and scalp nourishment. High TK confidence (90%).
TEST-81,Classical Ayurvedic Formulation,Karela Jamun Powder,Bitter Gourd (Karela) | Jamun seeds,Ayurvedic formulation,Yes,80%-100%,87%,HIGH_TK_RELEVANCE,PASS,Classical Ayurvedic prameha (glycemic management) polyherbal formulation (Karavellaka & Jambu). High TK confidence (87%).
TEST-82,Classical Ayurvedic Formulation,Dashmoolarishta,Dashmoola (10 roots) | Jaggery,Ayurvedic formulation,Yes,80%-100%,94%,HIGH_TK_RELEVANCE,PASS,Classical fermented Ayurvedic arishta preparation of ten medicinal roots for post-partum and vata disorders. High TK confidence (94%).
TEST-83,Classical Ayurvedic Formulation,Sitopaladi Churna,Mishri | Vanshlochan | Pippali | Cardamom | Cinnamon,Ayurvedic formulation,Yes,80%-100%,93%,HIGH_TK_RELEVANCE,PASS,Canonical Ayurvedic respiratory formulation for cough and fever listed in Sharangdhara Samhita. High TK confidence (93%).
TEST-84,Classical Ayurvedic Formulation,Kumkumadi Tailam,Saffron | Sandalwood | Sesame oil,Ayurvedic formulation,Yes,80%-100%,91%,HIGH_TK_RELEVANCE,PASS,Classical luxury Ayurvedic facial elixir formulation (Kumkuma, Chandana, Tila Taila) documented in Ashtanga Hridaya. High TK confidence (91%).
TEST-85,Classical Ayurvedic Formulation,Brahmi Vati,Brahmi | Shankhpushpi,Ayurvedic formulation,Yes,80%-100%,89%,HIGH_TK_RELEVANCE,PASS,Classical Ayurvedic medhya rasayana tablet formulation for cognitive function and nervous system health. High TK confidence (89%).
TEST-86,Classical Ayurvedic Formulation,Ashwagandharishta,Ashwagandha | Musli | Manjistha,Ayurvedic formulation,Yes,80%-100%,92%,HIGH_TK_RELEVANCE,PASS,Classical fermented Ayurvedic herbal tonic for vitality and neurological strength. High TK confidence (92%).
TEST-87,Classical Ayurvedic Formulation,Mahanarayan Oil,Shatavari | Ashwagandha | Sesame oil,Ayurvedic formulation,Yes,80%-100%,94%,HIGH_TK_RELEVANCE,PASS,Canonical Ayurvedic medicated oil for vata disorders, joint stiffness, and muscle rehabilitation. High TK confidence (94%).
TEST-88,Classical Ayurvedic Formulation,Panchakarme Ghrita,Cow Ghee | Various herbs,Ayurvedic formulation,Yes,80%-100%,88%,HIGH_TK_RELEVANCE,PASS,Classical snehana medicated ghee formulation used in Panchakarma detoxification procedures. High TK confidence (88%).
TEST-89,Classical Ayurvedic Formulation,Avipattikar Churna,Trikatu | Triphala | Trivrit,Ayurvedic formulation,Yes,80%-100%,91%,HIGH_TK_RELEVANCE,PASS,Canonical Ayurvedic polyherbal churna for hyperacidity, pitta imbalance, and digestion. High TK confidence (91%).
TEST-90,Classical Ayurvedic Formulation,Hingvashtak Churna,Asafoetida (Hing) | Ginger | Black pepper,Ayurvedic formulation,Yes,80%-100%,90%,HIGH_TK_RELEVANCE,PASS,Classical eight-ingredient carminative formulation (Hingu, Shunthi, Maricha, Pippali, etc.) for digestive health. High TK confidence (90%).
TEST-91,Classical Ayurvedic Formulation,Kanchanar Guggulu,Kanchanar bark | Guggul | Triphala,Ayurvedic formulation,Yes,80%-100%,93%,HIGH_TK_RELEVANCE,PASS,Classical Ayurvedic guggulu preparation for glandular swellings, thyroid support, and lymphatic health. High TK confidence (93%).
TEST-92,Classical Ayurvedic Formulation,Chandanasava,Sandalwood | Vetiver,Ayurvedic formulation,Yes,80%-100%,89%,HIGH_TK_RELEVANCE,PASS,Classical fermented Ayurvedic asava preparation of cooling herbs (Chandana, Usheera) for pitta disorders. High TK confidence (89%).
TEST-93,Classical Ayurvedic Formulation,Liv-52 Type Formula,Caper bush | Chicory | Arjuna,Ayurvedic formulation,Yes,80%-100%,91%,HIGH_TK_RELEVANCE,PASS,Traditional polyherbal hepatoprotective formulation (Himsra, Kasani, Arjuna) for liver health. High TK confidence (91%).
TEST-94,Classical Ayurvedic Formulation,Punarnavarishta,Punarnava | Boerhavia diffusa,Ayurvedic formulation,Yes,80%-100%,90%,HIGH_TK_RELEVANCE,PASS,Classical fermented Ayurvedic remedy for edema, renal health, and fluid balance. High TK confidence (90%).
TEST-95,Classical Ayurvedic Formulation,Khadirarishta,Khadira (Acacia catechu),Ayurvedic formulation,Yes,80%-100%,88%,HIGH_TK_RELEVANCE,PASS,Classical Ayurvedic arishta formulation of Khadira bark for blood purification and dermatological conditions. High TK confidence (88%).
TEST-96,Classical Ayurvedic Formulation,Lavan Bhaskar Churna,Sea salt | Black salt | Coriander,Ayurvedic formulation,Yes,80%-100%,89%,HIGH_TK_RELEVANCE,PASS,Canonical digestive mineral-herbal salt formulation for appetite stimulation and flatulence. High TK confidence (89%).
TEST-97,Classical Ayurvedic Formulation,Gokshuradi Guggulu,Gokshura | Guggul,Ayurvedic formulation,Yes,80%-100%,92%,HIGH_TK_RELEVANCE,PASS,Classical Ayurvedic guggulu compound for urinary tract disorders, kidney health, and dysuria. High TK confidence (92%).
TEST-98,Classical Ayurvedic Formulation,Anu Taila,Jivanti | Sesame oil | Goat milk,Ayurvedic formulation,Yes,80%-100%,91%,HIGH_TK_RELEVANCE,PASS,Classical Ayurvedic nasya oil formulation for supra-clavicular and ENT/sinus healthcare. High TK confidence (91%).
TEST-99,Classical Ayurvedic Formulation,Amritarishta,Guduchi (Giloy),Ayurvedic formulation,Yes,80%-100%,89%,HIGH_TK_RELEVANCE,PASS,Classical fermented Ayurvedic herbal tonic of Guduchi for chronic fevers and immune support. High TK confidence (89%).
TEST-100,Classical Ayurvedic Formulation,Sanjeevani Vati,Vidanga | Ginger | Giloy,Ayurvedic formulation,Yes,80%-100%,93%,HIGH_TK_RELEVANCE,PASS,Canonical Ayurvedic formulation for digesting ama (endogenous toxins) and acute fever management. High TK confidence (93%).
